eval/Q,eval/best_act_latency,eval/best_throughput,eval/return,reference_Q_mean,reference_Q_std,reference_action_mean,reference_action_std,reference_actor_Q_mean,reference_actor_Q_std,rollout/return,rollout/return_std,rollout/throughput,total/duration,total/episodes,total/steps,total/steps_per_second,train/Q_mean,train/actions_mean,train/actions_std,train/loss_actor,train/loss_critic,train/steps
-0.48079177737236023,0.31358384217389196,0.10352529799336412,-0.546739312518574,-0.5517919063568115,0.052591025829315186,0.4006984233856201,0.06334603577852249,-0.481515109539032,0.01182397548109293,-50.06953336524211,0.0,0.11080672340653426,20.210935592651367,1.0,84,4.156165834823705,-0.3097150921821594,0.5641836524009705,0.0,0.41159725189208984,1.4723495244979858,84.0
